{
	"format_version": "1.8.0",
	"animations": {
		"animation.evil_centipede.idle": {
			"loop": true,
			"animation_length": 1.3333,
			"bones": {
				"RightAntenna": {
					"rotation": {
						"0.0": {
							"vector": [-0.06397, -7.43547, 0.98448]
						},
						"0.6667": {
							"vector": [-7.56397, 7.43547, -0.98448]
						},
						"1.3333": {
							"vector": [-0.06397, -7.43547, 0.98448]
						}
					}
				},
				"Ra": {
					"rotation": {
						"0.0": {
							"vector": [10, 0, 0]
						},
						"0.6667": {
							"vector": [-12.60443, 7.32123, -1.63219]
						},
						"1.3333": {
							"vector": [10, 0, 0]
						}
					}
				},
				"Ra2": {
					"rotation": {
						"0.0": {
							"vector": [12.5, 0, 0]
						},
						"0.6667": {
							"vector": [-5.07673, 9.96156, -0.88045]
						},
						"1.3333": {
							"vector": [12.5, 0, 0]
						}
					}
				},
				"Ra3": {
					"rotation": {
						"0.0": {
							"vector": [5, 0, 0]
						},
						"0.6667": {
							"vector": [-15.0547, 4.82922, -1.29717]
						},
						"1.3333": {
							"vector": [5, 0, 0]
						}
					}
				},
				"Ra4": {
					"rotation": {
						"0.0": {
							"vector": [-37.39743, 2.86544, 4.09918]
						},
						"0.6667": {
							"vector": [-15, 0, 0]
						},
						"1.3333": {
							"vector": [-37.39743, 2.86544, 4.09918]
						}
					}
				},
				"LeftAntenna": {
					"rotation": {
						"0.0": {
							"vector": [7.5, 0, 0]
						},
						"0.6667": {
							"vector": [7.5, 0, 0]
						},
						"1.3333": {
							"vector": [7.5, 0, 0]
						}
					}
				},
				"La": {
					"rotation": {
						"0.0": {
							"vector": [-12.60443, -7.32123, 1.63219]
						},
						"0.6667": {
							"vector": [5, 0, 0]
						},
						"1.3333": {
							"vector": [-12.60443, -7.32123, 1.63219]
						}
					}
				},
				"La2": {
					"rotation": {
						"0.0": {
							"vector": [-5.07673, -9.96156, 0.88045]
						},
						"0.6667": {
							"vector": [7.5, 0, 0]
						},
						"1.3333": {
							"vector": [-5.07673, -9.96156, 0.88045]
						}
					}
				},
				"La3": {
					"rotation": {
						"0.0": {
							"vector": [-15.0547, -4.82922, 1.29717]
						},
						"0.6667": {
							"vector": [7.5, 0, 0]
						},
						"1.3333": {
							"vector": [-15.0547, -4.82922, 1.29717]
						}
					}
				},
				"La4": {
					"rotation": {
						"0.0": {
							"vector": [-15, 0, 0]
						},
						"0.6667": {
							"vector": [-37.39743, -2.86544, -4.09918]
						},
						"1.3333": {
							"vector": [-15, 0, 0]
						}
					}
				}
			}
		},
		"animation.evil_centipede.walk": {
			"loop": true,
			"animation_length": 0.8333,
			"bones": {
				"RightAntenna": {
					"rotation": {
						"0.0": {
							"vector": [-5, -10, 0]
						},
						"0.4167": {
							"vector": [0.05299, 7.35361, -2.2681]
						},
						"0.625": {
							"vector": [-8.72, -1.32, -1.13]
						},
						"0.8333": {
							"vector": [-5, -10, 0]
						}
					}
				},
				"Ra": {
					"rotation": {
						"0.0": {
							"vector": [0, -10, 0]
						},
						"0.4167": {
							"vector": [-1.31913, 10.08123, 7.15638]
						},
						"0.8333": {
							"vector": [0, -10, 0]
						}
					}
				},
				"Ra2": {
					"rotation": {
						"0.0": {
							"vector": [0, -17.5, 0]
						},
						"0.4167": {
							"vector": [-3.0687, 12.73229, 8.86894]
						},
						"0.8333": {
							"vector": [0, -17.5, 0]
						}
					}
				},
				"Ra3": {
					"rotation": {
						"0.0": {
							"vector": [0, 0, 0]
						},
						"0.4167": {
							"vector": [0, 25, 0]
						},
						"0.8333": {
							"vector": [0, 0, 0]
						}
					}
				},
				"Ra4": {
					"rotation": {
						"0.0": {
							"vector": [0, 7.5, 0]
						},
						"0.4167": {
							"vector": [0, 10, 0]
						},
						"0.8333": {
							"vector": [0, 7.5, 0]
						}
					}
				},
				"LeftAntenna": {
					"rotation": {
						"0.0": {
							"vector": [0.05299, 7.35361, -2.2681]
						},
						"0.2083": {
							"vector": [-8.72, -1.32, -1.13]
						},
						"0.4167": {
							"vector": [-5, -10, 0]
						},
						"0.8333": {
							"vector": [0.05299, 7.35361, -2.2681]
						}
					}
				},
				"La": {
					"rotation": {
						"0.0": {
							"vector": [-1.31913, 10.08123, 7.15638]
						},
						"0.4167": {
							"vector": [0, -10, 0]
						},
						"0.8333": {
							"vector": [-1.31913, 10.08123, 7.15638]
						}
					}
				},
				"La2": {
					"rotation": {
						"0.0": {
							"vector": [-3.0687, 12.73229, 8.86894]
						},
						"0.4167": {
							"vector": [0, -17.5, 0]
						},
						"0.8333": {
							"vector": [-3.0687, 12.73229, 8.86894]
						}
					}
				},
				"La3": {
					"rotation": {
						"0.0": {
							"vector": [0, 25, 0]
						},
						"0.4167": {
							"vector": [0, 0, 0]
						},
						"0.8333": {
							"vector": [0, 25, 0]
						}
					}
				},
				"La4": {
					"rotation": {
						"0.0": {
							"vector": [0, -27.5, 0]
						},
						"0.4167": {
							"vector": [0, -22.5, 0]
						},
						"0.8333": {
							"vector": [0, -27.5, 0]
						}
					}
				}
			}
		},
		"animation.evil_centipede.bite": {
			"animation_length": 0.25,
			"bones": {
				"MiscRF": {
					"rotation": {
						"0.0": {
							"vector": [0, 0, 0]
						},
						"0.0833": {
							"vector": [0, 40, 0]
						},
						"0.1667": {
							"vector": [0, -12.5, 0]
						},
						"0.25": {
							"vector": [0, 0, 0]
						}
					}
				},
				"MiscLF": {
					"rotation": {
						"0.0": {
							"vector": [0, 0, 0]
						},
						"0.0833": {
							"vector": [0, -40, 0]
						},
						"0.1667": {
							"vector": [0, 12.5, 0]
						},
						"0.25": {
							"vector": [0, 0, 0]
						}
					}
				}
			}
		},
		"animation.evil_centipede.breath": {
			"loop": true,
			"animation_length": 0.5417,
			"bones": {
				"RightFang2": {
					"rotation": {
						"vector": [0, 22.5, 0]
					}
				},
				"LeftFang2": {
					"rotation": {
						"vector": [0, -20, 0]
					}
				},
				"RightAntenna": {
					"rotation": {
						"0.0": {
							"vector": [-54.73133, 30.46778, -4.60138]
						},
						"0.1667": {
							"vector": [0, 0, 0],
							"easing": "linear"
						},
						"0.375": {
							"vector": [-54.73133, 30.46778, -4.60138]
						}
					}
				},
				"Ra": {
					"rotation": {
						"0.0417": {
							"vector": [-22.5, 5, 0]
						},
						"0.2083": {
							"vector": [0, 0, 0],
							"easing": "linear"
						},
						"0.4167": {
							"vector": [-22.5, 5, 0]
						}
					}
				},
				"Ra3": {
					"rotation": {
						"0.0833": {
							"vector": [-62.58937, 2.30644, -4.43745]
						},
						"0.2917": {
							"vector": [0, 0, 0],
							"easing": "linear"
						},
						"0.5": {
							"vector": [-62.58937, 2.30644, -4.43745]
						}
					}
				},
				"LeftAntenna": {
					"rotation": {
						"0.0": {
							"vector": [0, 0, 0]
						},
						"0.1667": {
							"vector": [-40, -35, 0]
						},
						"0.375": {
							"vector": [0, 0, 0]
						}
					}
				},
				"La": {
					"rotation": {
						"0.0": {
							"vector": [0, 0, 0]
						},
						"0.2083": {
							"vector": [-32.5, -5, 0]
						},
						"0.4167": {
							"vector": [0, 0, 0]
						}
					}
				},
				"La2": {
					"rotation": {
						"0.0": {
							"vector": [0, 0, 0]
						},
						"0.25": {
							"vector": [-5, -5, 0]
						},
						"0.4583": {
							"vector": [0, 0, 0]
						}
					}
				},
				"La3": {
					"rotation": {
						"0.0": {
							"vector": [0, 0, 0]
						},
						"0.2917": {
							"vector": [-50, -5, 0]
						},
						"0.5": {
							"vector": [0, 0, 0]
						}
					}
				},
				"Ra2": {
					"rotation": {
						"0.0417": {
							"vector": [12.54624, 4.88119, 1.08482]
						},
						"0.25": {
							"vector": [-2.5, 0, 0],
							"easing": "linear"
						},
						"0.4583": {
							"vector": [12.54624, 4.88119, 1.08482]
						}
					}
				},
				"Ra4": {
					"rotation": {
						"0.125": {
							"vector": [-5.019, 4.98093, -0.43688]
						},
						"0.3333": {
							"vector": [0, 0, 0],